region,service,requests,p99_ms,error_rate,cost,note
台北,checkout-api,10966024,328,0.0079,4064,"需要 ""追蹤"" & 複查 <urgent>"
新竹,search-api,2530558,1117,0.0019,39093,
台中,auth-api,2046120,1059,0.0043,6532,
高雄,media-api,14650734,876,0.0014,6844,
東京,notify-api,18590077,889,0.0012,37957,
大阪,checkout-api,4254104,477,0.0126,39107,
首爾,search-api,2175745,832,0.0010,15388,
新加坡,auth-api,1663055,1160,0.0172,19879,"需要 ""追蹤"" & 複查 <urgent>"
雪梨,media-api,14163972,315,0.0108,38315,
法蘭克福,notify-api,10450932,1167,0.0163,12744,
倫敦,checkout-api,3557975,1189,0.0128,25305,
紐約,search-api,3369227,1141,0.0142,37886,
舊金山,auth-api,2099883,441,0.0099,35746,
台北,media-api,14447616,663,0.0093,30599,
新竹,notify-api,12232690,633,0.0050,12681,"需要 ""追蹤"" & 複查 <urgent>"
台中,checkout-api,23554361,519,0.0016,20577,
高雄,search-api,17722670,1033,0.0175,48704,
東京,auth-api,15160376,609,0.0122,5697,
大阪,media-api,4061630,1068,0.0084,50519,
首爾,notify-api,11577488,331,0.0187,28536,
新加坡,checkout-api,1415577,178,0.0153,38453,
雪梨,search-api,26577606,662,0.0068,23849,"需要 ""追蹤"" & 複查 <urgent>"
法蘭克福,auth-api,20043743,1037,0.0116,30797,
倫敦,media-api,2407301,211,0.0189,31970,
紐約,notify-api,23488850,153,0.0012,46872,
舊金山,checkout-api,10488699,932,0.0057,26183,
